package_name,upload_target,use_proxy,skip,obfuscate
com.Earthkwak.Platformer,github,false,true,false
com.google.android.apps.photos,github,false,true,false
com.twitter.android,github,false,true,false
com.zhiliaoapp.musically,huggingface,false,true,false
net.quetta.browser,github,false,true,false
gAAAAABqtTlfV-dHHdJTTEPtSeQdlYLKxD5LzjguFtMb06aENVjIVeVwdr8Yh_8Zgyx7asAJBSHy7DuvcHd7fjyK90X73Mj3j8D7YLcnQFFcTj24Y50H9WU=,github,false,true,true
com.doovera.eujianbrowser,huggingface,false,true,false
com.pertaminiku,huggingface,false,true,false
com.garnesapps.strukpom,huggingface,false,true,false
com.ogestudio.strukpertamini,huggingface,false,true,false
com.facebook.orca,github,false,true,false
com.facebook.katana,github,false,true,false
com.instagram.barcelona,github,false,true,false
com.instagram.android,github,false,true,false
com.nokoprint,huggingface,false,false,false
